order_id,customer_id,order_date,category,quantity,region,customer_segment,sales,year,month,quarter,day_of_week,is_weekend,price_per_unit
1000,1050,2019-01-05,Electronics,2,North,Regular,650.45,2019,1,1,5,1,325.225
1001,1102,2019-01-08,Home & Garden,5,South,Premium,890.3,2019,1,1,1,0,178.06
1002,1075,2019-01-12,Fashion,3,East,New,245.7,2019,1,1,5,1,81.89999999999999
1003,1089,2019-01-15,Electronics,1,West,Regular,289.5,2019,1,1,1,0,289.5
1004,1125,2019-01-18,Books,4,North,New,98.75,2019,1,1,4,0,24.6875
1005,1067,2019-01-22,Sports,2,South,Premium,520.4,2019,1,1,1,0,260.2
1006,1098,2019-02-02,Home & Garden,6,East,Regular,745.8,2019,2,1,5,1,124.3
1007,1112,2019-02-05,Electronics,3,West,Premium,1050.25,2019,2,1,1,0,350.0833333333333
1008,1051,2019-02-10,Fashion,2,North,New,180.5,2019,2,1,6,1,90.25
1009,1145,2019-02-14,Books,5,South,Regular,125.3,2019,2,1,3,0,25.06
1010,1078,2019-02-18,Sports,1,East,Premium,320.7,2019,2,1,0,0,320.7
1011,1095,2019-02-22,Electronics,4,West,Regular,820.6,2019,2,1,4,0,205.15
1012,1120,2019-03-05,Home & Garden,3,North,New,425.5,2019,3,1,1,0,141.83333333333334
1013,1089,2019-03-08,Fashion,2,South,Premium,290.8,2019,3,1,4,0,145.4
1014,1135,2019-03-12,Books,6,East,Regular,155.4,2019,3,1,1,0,25.900000000000002
1015,1072,2019-03-16,Sports,3,West,New,480.9,2019,3,1,5,1,160.29999999999998
1016,1110,2019-03-20,Electronics,1,North,Premium,350.2,2019,3,1,2,0,350.2
1017,1058,2019-03-25,Home & Garden,4,South,Regular,580.3,2019,3,1,0,0,145.075
1018,1088,2019-04-02,Fashion,5,East,New,315.7,2019,4,2,1,0,63.14
1019,1165,2019-04-06,Books,2,West,Premium,75.5,2019,4,2,5,1,37.75
1020,1077,2019-04-10,Sports,2,North,Regular,410.8,2019,4,2,2,0,205.4
1021,1130,2019-04-14,Electronics,3,South,New,795.6,2019,4,2,6,1,265.2
1022,1068,2019-04-18,Home & Garden,1,East,Premium,285.4,2019,4,2,3,0,285.4
1023,1105,2019-04-22,Fashion,4,West,Regular,520.9,2019,4,2,0,0,130.225
1024,1142,2019-04-26,Books,3,North,New,118.2,2019,4,2,4,0,39.4
1025,1090,2019-05-02,Sports,2,South,Premium,475.3,2019,5,2,3,0,237.65
1026,1115,2019-05-06,Electronics,2,East,Regular,615.7,2019,5,2,0,0,307.85
1027,1065,2019-05-10,Home & Garden,5,West,New,845.5,2019,5,2,4,0,169.1
1028,1095,2019-05-14,Fashion,1,North,Premium,195.8,2019,5,2,1,0,195.8
1029,1140,2019-05-18,Books,4,South,Regular,142.6,2019,5,2,5,1,35.65
1030,1080,2019-05-22,Sports,3,East,New,565.4,2019,5,2,2,0,188.46666666666667
1031,1108,2019-06-02,Electronics,2,West,Premium,720.3,2019,6,2,6,1,360.15
1032,1070,2019-06-06,Home & Garden,3,North,Regular,505.9,2019,6,2,3,0,168.63333333333333
1033,1125,2019-06-10,Fashion,2,South,New,265.7,2019,6,2,0,0,132.85
1034,1155,2019-06-14,Books,5,East,Premium,185.3,2019,6,2,4,0,37.06
1035,1085,2019-06-18,Sports,1,West,Regular,295.8,2019,6,2,1,0,295.8
1036,1120,2019-06-22,Electronics,4,North,New,950.7,2019,6,2,5,1,237.675
1037,1075,2019-07-02,Home & Garden,2,South,Premium,425.5,2019,7,3,1,0,212.75
1038,1100,2019-07-06,Fashion,3,East,Regular,380.4,2019,7,3,5,1,126.8
1039,1162,2019-07-10,Books,1,West,New,45.7,2019,7,3,2,0,45.7
1040,1095,2019-07-14,Sports,2,North,Premium,425.6,2019,7,3,6,1,212.8
1041,1130,2019-07-18,Electronics,5,South,Regular,1250.8,2019,7,3,3,0,250.16
1042,1068,2019-07-22,Home & Garden,3,East,New,580.3,2019,7,3,0,0,193.4333333333333
1043,1110,2019-07-26,Fashion,2,West,Premium,315.9,2019,7,3,4,0,157.95
1044,1150,2019-08-02,Books,4,North,Regular,158.7,2019,8,3,4,0,39.675
1045,1089,2019-08-06,Sports,1,South,New,285.4,2019,8,3,1,0,285.4
1046,1105,2019-08-10,Electronics,3,East,Premium,875.2,2019,8,3,5,1,291.73333333333335
1047,1072,2019-08-14,Home & Garden,4,West,Regular,715.8,2019,8,3,2,0,178.95
1048,1135,2019-08-18,Fashion,2,North,New,245.6,2019,8,3,6,1,122.8
1049,1095,2019-08-22,Books,5,South,Premium,195.3,2019,8,3,3,0,39.06
1050,1115,2019-09-02,Sports,2,East,Regular,520.7,2019,9,3,0,0,260.35
1051,1060,2019-09-06,Electronics,1,West,New,380.5,2019,9,3,4,0,380.5
1052,1125,2019-09-10,Home & Garden,3,North,Premium,640.4,2019,9,3,1,0,213.46666666666667
1053,1085,2019-09-14,Fashion,4,South,Regular,485.8,2019,9,3,5,1,121.45
1054,1145,2019-09-18,Books,2,East,New,92.5,2019,9,3,2,0,46.25
1055,1108,2019-09-22,Sports,3,West,Premium,615.3,2019,9,3,6,1,205.1
1056,1078,2019-10-02,Electronics,2,North,Regular,695.7,2019,10,4,2,0,347.85
1057,1120,2019-10-06,Home & Garden,5,South,New,925.8,2019,10,4,6,1,185.16
1058,1075,2019-10-10,Fashion,1,East,Premium,225.4,2019,10,4,3,0,225.4
1059,1165,2019-10-14,Books,4,West,Regular,168.5,2019,10,4,0,0,42.125
1060,1090,2019-10-18,Sports,2,North,New,485.6,2019,10,4,4,0,242.8
1061,1100,2019-10-22,Electronics,3,South,Premium,850.3,2019,10,4,1,0,283.43333333333334
1062,1070,2019-11-02,Home & Garden,2,East,Regular,525.7,2019,11,4,5,1,262.85
1063,1135,2019-11-06,Fashion,4,West,New,395.8,2019,11,4,2,0,98.95
1064,1095,2019-11-10,Books,3,North,Premium,142.3,2019,11,4,6,1,47.43333333333334
1065,1115,2019-11-14,Sports,1,South,Regular,325.4,2019,11,4,3,0,325.4
1066,1060,2019-11-18,Electronics,5,East,New,1245.9,2019,11,4,0,0,249.18
1067,1150,2019-11-22,Home & Garden,2,West,Premium,485.6,2019,11,4,4,0,242.8
1068,1085,2019-12-02,Fashion,3,North,Regular,385.7,2019,12,4,0,0,128.56666666666666
1069,1130,2019-12-06,Books,4,South,New,158.4,2019,12,4,4,0,39.6
1070,1105,2019-12-10,Sports,2,East,Premium,520.8,2019,12,4,1,0,260.4
1071,1072,2020-01-05,Electronics,2,West,Regular,745.3,2020,1,1,6,1,372.65
1072,1165,2020-01-08,Home & Garden,3,North,New,515.7,2020,1,1,2,0,171.9
1073,1095,2020-01-12,Fashion,4,South,Premium,425.8,2020,1,1,6,1,106.45
1074,1125,2020-01-15,Books,1,East,Regular,55.4,2020,1,1,2,0,55.4
1075,1108,2020-01-18,Sports,2,West,New,465.5,2020,1,1,5,1,232.75
1076,1050,2020-02-02,Electronics,3,North,Premium,920.3,2020,2,1,6,1,306.76666666666665
1077,1140,2020-02-05,Home & Garden,5,South,Regular,845.7,2020,2,1,2,0,169.14000000000001
1078,1075,2020-02-10,Fashion,2,East,New,285.4,2020,2,1,0,0,142.7
1079,1165,2020-02-14,Books,4,West,Premium,175.6,2020,2,1,4,0,43.9
1080,1090,2020-02-18,Sports,1,North,Regular,310.8,2020,2,1,1,0,310.8
1081,1120,2020-03-05,Electronics,4,South,New,1050.5,2020,3,1,3,0,262.625
1082,1085,2020-03-08,Home & Garden,2,East,Premium,425.3,2020,3,1,6,1,212.65
1083,1100,2020-03-12,Fashion,3,West,Regular,365.7,2020,3,1,3,0,121.89999999999999
1084,1135,2020-03-16,Books,5,North,New,245.4,2020,3,1,0,0,49.08
1085,1072,2020-03-20,Sports,2,South,Premium,545.8,2020,3,1,4,0,272.9
1086,1160,2020-04-02,Electronics,1,East,Regular,385.6,2020,4,2,3,0,385.6
1087,1095,2020-04-06,Home & Garden,4,West,New,705.3,2020,4,2,0,0,176.325
1088,1115,2020-04-10,Fashion,2,North,Premium,315.7,2020,4,2,4,0,157.85
1089,1145,2020-04-14,Books,3,South,Regular,128.5,2020,4,2,1,0,42.833333333333336
1090,1068,2020-04-18,Sports,2,East,New,475.4,2020,4,2,5,1,237.7
1091,1110,2020-05-02,Electronics,3,West,Premium,850.8,2020,5,2,5,1,283.59999999999997
1092,1078,2020-05-06,Home & Garden,5,North,Regular,925.5,2020,5,2,2,0,185.1
1093,1125,2020-05-10,Fashion,1,South,New,195.7,2020,5,2,6,1,195.7
1094,1155,2020-05-14,Books,4,East,Premium,182.4,2020,5,2,3,0,45.6
1095,1085,2020-05-18,Sports,2,West,Regular,520.3,2020,5,2,0,0,260.15
1096,1100,2020-06-02,Electronics,2,North,New,715.6,2020,6,2,1,0,357.8
1097,1072,2020-06-06,Home & Garden,3,South,Premium,585.8,2020,6,2,5,1,195.26666666666665
1098,1140,2020-06-10,Fashion,4,East,Regular,445.7,2020,6,2,2,0,111.425
1099,1095,2020-06-14,Books,2,West,New,95.4,2020,6,2,6,1,47.7
1100,1165,2020-06-18,Sports,3,North,Premium,625.8,2020,6,2,3,0,208.6
1101,1108,2020-07-02,Electronics,1,South,Regular,415.3,2020,7,3,3,0,415.3
1102,1060,2020-07-06,Home & Garden,4,East,New,745.8,2020,7,3,0,0,186.45
1103,1120,2020-07-10,Fashion,3,West,Premium,380.5,2020,7,3,4,0,126.83333333333333
1104,1150,2020-07-14,Books,5,North,Regular,225.6,2020,7,3,1,0,45.12
1105,1085,2020-07-18,Sports,2,South,New,495.7,2020,7,3,5,1,247.85
1106,1115,2020-08-02,Electronics,2,East,Premium,820.4,2020,8,3,6,1,410.2
1107,1070,2020-08-06,Home & Garden,3,West,Regular,615.8,2020,8,3,3,0,205.26666666666665
1108,1135,2020-08-10,Fashion,4,North,New,425.3,2020,8,3,0,0,106.325
1109,1095,2020-08-14,Books,1,South,Premium,72.5,2020,8,3,4,0,72.5
1110,1080,2020-08-18,Sports,2,East,Regular,485.6,2020,8,3,1,0,242.8
1111,1160,2020-09-02,Electronics,5,West,New,1350.7,2020,9,3,2,0,270.14
1112,1105,2020-09-06,Home & Garden,2,North,Premium,525.4,2020,9,3,6,1,262.7
1113,1145,2020-09-10,Fashion,3,South,Regular,395.8,2020,9,3,3,0,131.93333333333334
1114,1072,2020-09-14,Books,4,East,New,162.5,2020,9,3,0,0,40.625
1115,1110,2020-09-18,Sports,1,West,Premium,315.8,2020,9,3,4,0,315.8
1116,1125,2020-10-02,Electronics,3,North,Regular,895.3,2020,10,4,4,0,298.43333333333334
1117,1068,2020-10-06,Home & Garden,5,South,New,875.6,2020,10,4,1,0,175.12
1118,1100,2020-10-10,Fashion,2,East,Premium,285.7,2020,10,4,5,1,142.85
1119,1155,2020-10-14,Books,4,West,Regular,178.4,2020,10,4,2,0,44.6
1120,1090,2020-10-18,Sports,2,North,New,520.8,2020,10,4,6,1,260.4
1121,1120,2020-11-02,Electronics,1,South,Premium,425.3,2020,11,4,0,0,425.3
1122,1075,2020-11-06,Home & Garden,3,East,Regular,645.8,2020,11,4,4,0,215.26666666666665
1123,1140,2020-11-10,Fashion,4,West,New,485.5,2020,11,4,1,0,121.375
1124,1095,2020-11-14,Books,2,North,Premium,118.6,2020,11,4,5,1,59.3
1125,1165,2020-11-18,Sports,3,South,Regular,625.7,2020,11,4,2,0,208.5666666666667
1126,1085,2020-12-02,Electronics,2,East,New,745.4,2020,12,4,2,0,372.7
1127,1115,2020-12-06,Home & Garden,4,West,Premium,715.8,2020,12,4,6,1,178.95
1128,1060,2020-12-10,Fashion,1,North,Regular,215.5,2020,12,4,3,0,215.5
1129,1130,2020-12-14,Books,5,South,New,245.3,2020,12,4,0,0,49.06
1130,1108,2020-12-18,Sports,2,East,Premium,545.8,2020,12,4,4,0,272.9
1131,1050,2021-01-05,Electronics,3,West,Regular,920.7,2021,1,1,1,0,306.90000000000003
1132,1160,2021-01-08,Home & Garden,2,North,New,485.3,2021,1,1,4,0,242.65
1133,1075,2021-01-12,Fashion,4,South,Premium,425.8,2021,1,1,1,0,106.45
1134,1145,2021-01-15,Books,1,East,Regular,62.4,2021,1,1,4,0,62.4
1135,1095,2021-01-18,Sports,2,West,New,475.6,2021,1,1,0,0,237.8
1136,1120,2021-02-02,Electronics,5,North,Premium,1250.8,2021,2,1,1,0,250.16
1137,1085,2021-02-05,Home & Garden,3,South,Regular,685.7,2021,2,1,4,0,228.5666666666667
1138,1100,2021-02-10,Fashion,2,East,New,295.4,2021,2,1,2,0,147.7
1139,1155,2021-02-14,Books,4,West,Premium,185.6,2021,2,1,6,1,46.4
1140,1072,2021-02-18,Sports,1,North,Regular,325.8,2021,2,1,3,0,325.8
1141,1110,2021-03-05,Electronics,2,South,New,745.3,2021,3,1,4,0,372.65
1142,1140,2021-03-08,Home & Garden,5,East,Premium,925.8,2021,3,1,0,0,185.16
1143,1075,2021-03-12,Fashion,3,West,Regular,385.7,2021,3,1,4,0,128.56666666666666
1144,1165,2021-03-16,Books,2,North,New,108.5,2021,3,1,1,0,54.25
1145,1090,2021-03-20,Sports,2,South,Premium,535.4,2021,3,1,5,1,267.7
1146,1125,2021-04-02,Electronics,1,East,Regular,415.6,2021,4,2,4,0,415.6
1147,1068,2021-04-06,Home & Garden,4,West,New,715.3,2021,4,2,1,0,178.825
1148,1115,2021-04-10,Fashion,3,North,Premium,385.8,2021,4,2,5,1,128.6
1149,1145,2021-04-14,Books,5,South,Regular,245.5,2021,4,2,2,0,49.1
1150,1085,2021-04-18,Sports,2,East,New,505.7,2021,4,2,6,1,252.85
1151,1100,2021-05-02,Electronics,2,West,Premium,825.4,2021,5,2,6,1,412.7
1152,1078,2021-05-06,Home & Garden,3,North,Regular,625.8,2021,5,2,3,0,208.6
1153,1120,2021-05-10,Fashion,4,South,New,445.5,2021,5,2,0,0,111.375
1154,1155,2021-05-14,Books,1,East,Premium,75.4,2021,5,2,4,0,75.4
1155,1072,2021-05-18,Sports,3,West,Regular,625.8,2021,5,2,1,0,208.6
1156,1160,2021-06-02,Electronics,2,North,New,745.3,2021,6,2,2,0,372.65
1157,1095,2021-06-06,Home & Garden,5,South,Premium,945.8,2021,6,2,6,1,189.16
1158,1140,2021-06-10,Fashion,2,East,Regular,315.7,2021,6,2,3,0,157.85
1159,1085,2021-06-14,Books,4,West,New,182.4,2021,6,2,0,0,45.6
1160,1165,2021-06-18,Sports,1,North,Premium,325.8,2021,6,2,4,0,325.8
1161,1050,2021-07-02,Electronics,3,South,Regular,895.3,2021,7,3,4,0,298.43333333333334
1162,1110,2021-07-06,Home & Garden,2,East,New,525.7,2021,7,3,1,0,262.85
1163,1125,2021-07-10,Fashion,4,West,Premium,485.8,2021,7,3,5,1,121.45
1164,1145,2021-07-14,Books,3,North,Regular,162.5,2021,7,3,2,0,54.166666666666664
1165,1090,2021-07-18,Sports,2,South,New,515.4,2021,7,3,6,1,257.7
1166,1108,2021-08-02,Electronics,5,East,Premium,1350.6,2021,8,3,0,0,270.12
1167,1075,2021-08-06,Home & Garden,1,West,Regular,325.8,2021,8,3,4,0,325.8
1168,1120,2021-08-10,Fashion,3,North,New,385.5,2021,8,3,1,0,128.5
1169,1165,2021-08-14,Books,4,South,Premium,195.4,2021,8,3,5,1,48.85
1170,1085,2021-08-18,Sports,2,East,Regular,495.8,2021,8,3,2,0,247.9
1171,1100,2021-09-02,Electronics,2,West,New,715.3,2021,9,3,3,0,357.65
1172,1155,2021-09-06,Home & Garden,4,North,Premium,745.8,2021,9,3,0,0,186.45
1173,1072,2021-09-10,Fashion,3,South,Regular,425.7,2021,9,3,4,0,141.9
1174,1140,2021-09-14,Books,1,East,New,58.4,2021,9,3,1,0,58.4
1175,1095,2021-09-18,Sports,2,West,Premium,545.8,2021,9,3,5,1,272.9
1176,1160,2021-10-02,Electronics,3,North,Regular,925.3,2021,10,4,5,1,308.43333333333334
1177,1078,2021-10-06,Home & Garden,5,South,New,895.7,2021,10,4,2,0,179.14000000000001
1178,1125,2021-10-10,Fashion,2,East,Premium,285.4,2021,10,4,6,1,142.7
1179,1145,2021-10-14,Books,4,West,Regular,185.6,2021,10,4,3,0,46.4
1180,1090,2021-10-18,Sports,1,North,New,315.8,2021,10,4,0,0,315.8
1181,1110,2021-11-02,Electronics,2,South,Premium,825.4,2021,11,4,1,0,412.7
1182,1085,2021-11-06,Home & Garden,3,East,Regular,685.8,2021,11,4,5,1,228.6
1183,1115,2021-11-10,Fashion,4,West,New,495.5,2021,11,4,2,0,123.875
1184,1155,2021-11-14,Books,2,North,Premium,138.6,2021,11,4,6,1,69.3
1185,1068,2021-11-18,Sports,3,South,Regular,625.7,2021,11,4,3,0,208.5666666666667
1186,1140,2021-12-02,Electronics,1,East,New,425.3,2021,12,4,3,0,425.3
1187,1100,2021-12-06,Home & Garden,5,West,Premium,925.8,2021,12,4,0,0,185.16
1188,1072,2021-12-10,Fashion,2,North,Regular,315.5,2021,12,4,4,0,157.75
1189,1165,2021-12-14,Books,4,South,New,182.4,2021,12,4,1,0,45.6
1190,1095,2021-12-18,Sports,2,East,Premium,545.8,2021,12,4,5,1,272.9
1191,1120,2022-01-05,Electronics,3,West,Regular,895.7,2022,1,1,2,0,298.56666666666666
1192,1160,2022-01-08,Home & Garden,2,North,New,525.3,2022,1,1,5,1,262.65
1193,1075,2022-01-12,Fashion,4,South,Premium,425.8,2022,1,1,2,0,106.45
1194,1145,2022-01-15,Books,1,East,Regular,72.4,2022,1,1,5,1,72.4
1195,1085,2022-01-18,Sports,2,West,New,485.6,2022,1,1,1,0,242.8
1196,1110,2022-02-02,Electronics,5,North,Premium,1250.3,2022,2,1,2,0,250.06
1197,1125,2022-02-05,Home & Garden,3,South,Regular,745.7,2022,2,1,5,1,248.5666666666667
1198,1140,2022-02-10,Fashion,2,East,New,295.4,2022,2,1,3,0,147.7
1199,1095,2022-02-14,Books,4,West,Premium,195.6,2022,2,1,0,0,48.9
1200,1068,2022-02-18,Sports,1,North,Regular,325.8,2022,2,1,4,0,325.8
1201,1155,2022-03-05,Electronics,2,South,New,745.3,2022,3,1,5,1,372.65
1202,1100,2022-03-08,Home & Garden,5,East,Premium,945.8,2022,3,1,1,0,189.16
1203,1072,2022-03-12,Fashion,3,West,Regular,385.7,2022,3,1,5,1,128.56666666666666
1204,1165,2022-03-16,Books,2,North,New,128.5,2022,3,1,2,0,64.25
1205,1090,2022-03-20,Sports,2,South,Premium,535.4,2022,3,1,6,1,267.7
1206,1120,2022-04-02,Electronics,1,East,Regular,415.6,2022,4,2,5,1,415.6
1207,1085,2022-04-06,Home & Garden,4,West,New,715.3,2022,4,2,2,0,178.825
1208,1115,2022-04-10,Fashion,3,North,Premium,385.8,2022,4,2,6,1,128.6
1209,1145,2022-04-14,Books,5,South,Regular,245.5,2022,4,2,3,0,49.1
1210,1078,2022-04-18,Sports,2,East,New,505.7,2022,4,2,0,0,252.85
1211,1160,2022-05-02,Electronics,2,West,Premium,825.4,2022,5,2,0,0,412.7
1212,1075,2022-05-06,Home & Garden,3,North,Regular,625.8,2022,5,2,4,0,208.6
1213,1140,2022-05-10,Fashion,4,South,New,445.5,2022,5,2,1,0,111.375
1214,1095,2022-05-14,Books,1,East,Premium,75.4,2022,5,2,5,1,75.4
1215,1110,2022-05-18,Sports,3,West,Regular,625.8,2022,5,2,2,0,208.6
1216,1125,2022-06-02,Electronics,2,North,New,745.3,2022,6,2,3,0,372.65
1217,1155,2022-06-06,Home & Garden,5,South,Premium,945.8,2022,6,2,0,0,189.16
1218,1068,2022-06-10,Fashion,2,East,Regular,315.7,2022,6,2,4,0,157.85
1219,1165,2022-06-14,Books,4,West,New,182.4,2022,6,2,1,0,45.6
1220,1085,2022-06-18,Sports,1,North,Premium,325.8,2022,6,2,5,1,325.8
1221,1100,2022-07-02,Electronics,3,South,Regular,895.3,2022,7,3,5,1,298.43333333333334
1222,1072,2022-07-06,Home & Garden,2,East,New,525.7,2022,7,3,2,0,262.85
1223,1145,2022-07-10,Fashion,4,West,Premium,485.8,2022,7,3,6,1,121.45
1224,1090,2022-07-14,Books,3,North,Regular,162.5,2022,7,3,3,0,54.166666666666664
1225,1120,2022-07-18,Sports,2,South,New,515.4,2022,7,3,0,0,257.7
1226,1078,2022-08-02,Electronics,5,East,Premium,1350.6,2022,8,3,1,0,270.12
1227,1160,2022-08-06,Home & Garden,1,West,Regular,325.8,2022,8,3,5,1,325.8
1228,1075,2022-08-10,Fashion,3,North,New,385.5,2022,8,3,2,0,128.5
1229,1140,2022-08-14,Books,4,South,Premium,195.4,2022,8,3,6,1,48.85
1230,1095,2022-08-18,Sports,2,East,Regular,495.8,2022,8,3,3,0,247.9
1231,1110,2022-09-02,Electronics,2,West,New,715.3,2022,9,3,4,0,357.65
1232,1125,2022-09-06,Home & Garden,4,North,Premium,745.8,2022,9,3,1,0,186.45
1233,1155,2022-09-10,Fashion,3,South,Regular,425.7,2022,9,3,5,1,141.9
1234,1068,2022-09-14,Books,1,East,New,58.4,2022,9,3,2,0,58.4
1235,1165,2022-09-18,Sports,2,West,Premium,545.8,2022,9,3,6,1,272.9
1236,1085,2022-10-02,Electronics,3,North,Regular,925.3,2022,10,4,6,1,308.43333333333334
1237,1100,2022-10-06,Home & Garden,5,South,New,895.7,2022,10,4,3,0,179.14000000000001
1238,1072,2022-10-10,Fashion,2,East,Premium,285.4,2022,10,4,0,0,142.7
1239,1145,2022-10-14,Books,4,West,Regular,185.6,2022,10,4,4,0,46.4
1240,1090,2022-10-18,Sports,1,North,New,315.8,2022,10,4,1,0,315.8
1241,1120,2022-11-02,Electronics,2,South,Premium,825.4,2022,11,4,2,0,412.7
1242,1115,2022-11-06,Home & Garden,3,East,Regular,685.8,2022,11,4,6,1,228.6
1243,1078,2022-11-10,Fashion,4,West,New,495.5,2022,11,4,3,0,123.875
1244,1155,2022-11-14,Books,2,North,Premium,138.6,2022,11,4,0,0,69.3
1245,1160,2022-11-18,Sports,3,South,Regular,625.7,2022,11,4,4,0,208.5666666666667
1246,1075,2022-12-02,Electronics,1,East,New,425.3,2022,12,4,4,0,425.3
1247,1140,2022-12-06,Home & Garden,5,West,Premium,925.8,2022,12,4,1,0,185.16
1248,1095,2022-12-10,Fashion,2,North,Regular,315.5,2022,12,4,5,1,157.75
1249,1110,2022-12-14,Books,4,South,New,182.4,2022,12,4,2,0,45.6
1250,1125,2022-12-18,Sports,2,East,Premium,545.8,2022,12,4,6,1,272.9
1251,1145,2023-01-05,Electronics,3,West,Regular,895.7,2023,1,1,3,0,298.56666666666666
1252,1085,2023-01-08,Home & Garden,2,North,New,525.3,2023,1,1,6,1,262.65
1253,1100,2023-01-12,Fashion,4,South,Premium,425.8,2023,1,1,3,0,106.45
1254,1072,2023-01-15,Books,1,East,Regular,72.4,2023,1,1,6,1,72.4
1255,1165,2023-01-18,Sports,2,West,New,485.6,2023,1,1,2,0,242.8
1256,1090,2023-02-02,Electronics,5,North,Premium,1250.3,2023,2,1,3,0,250.06
1257,1120,2023-02-05,Home & Garden,3,South,Regular,745.7,2023,2,1,6,1,248.5666666666667
1258,1078,2023-02-10,Fashion,2,East,New,295.4,2023,2,1,4,0,147.7
1259,1155,2023-02-14,Books,4,West,Premium,195.6,2023,2,1,1,0,48.9
1260,1068,2023-02-18,Sports,1,North,Regular,325.8,2023,2,1,5,1,325.8
1261,1110,2023-03-05,Electronics,2,South,New,745.3,2023,3,1,6,1,372.65
1262,1125,2023-03-08,Home & Garden,5,East,Premium,945.8,2023,3,1,2,0,189.16
1263,1160,2023-03-12,Fashion,3,West,Regular,385.7,2023,3,1,6,1,128.56666666666666
1264,1075,2023-03-16,Books,2,North,New,128.5,2023,3,1,3,0,64.25
1265,1140,2023-03-20,Sports,2,South,Premium,535.4,2023,3,1,0,0,267.7
1266,1095,2023-04-02,Electronics,1,East,Regular,415.6,2023,4,2,6,1,415.6
1267,1115,2023-04-06,Home & Garden,4,West,New,715.3,2023,4,2,3,0,178.825
1268,1145,2023-04-10,Fashion,3,North,Premium,385.8,2023,4,2,0,0,128.6
1269,1085,2023-04-14,Books,5,South,Regular,245.5,2023,4,2,4,0,49.1
1270,1100,2023-04-18,Sports,2,East,New,505.7,2023,4,2,1,0,252.85
1271,1072,2023-05-02,Electronics,2,West,Premium,825.4,2023,5,2,1,0,412.7
1272,1155,2023-05-06,Home & Garden,3,North,Regular,625.8,2023,5,2,5,1,208.6
1273,1165,2023-05-10,Fashion,4,South,New,445.5,2023,5,2,2,0,111.375
1274,1090,2023-05-14,Books,1,East,Premium,75.4,2023,5,2,6,1,75.4
1275,1120,2023-05-18,Sports,3,West,Regular,625.8,2023,5,2,3,0,208.6
1276,1078,2023-06-02,Electronics,2,North,New,745.3,2023,6,2,4,0,372.65
1277,1160,2023-06-06,Home & Garden,5,South,Premium,945.8,2023,6,2,1,0,189.16
1278,1075,2023-06-10,Fashion,2,East,Regular,315.7,2023,6,2,5,1,157.85
1279,1140,2023-06-14,Books,4,West,New,182.4,2023,6,2,2,0,45.6
1280,1095,2023-06-18,Sports,1,North,Premium,325.8,2023,6,2,6,1,325.8
1281,1110,2023-07-02,Electronics,3,South,Regular,895.3,2023,7,3,6,1,298.43333333333334
1282,1125,2023-07-06,Home & Garden,2,East,New,525.7,2023,7,3,3,0,262.85
1283,1145,2023-07-10,Fashion,4,West,Premium,485.8,2023,7,3,0,0,121.45
1284,1085,2023-07-14,Books,3,North,Regular,162.5,2023,7,3,4,0,54.166666666666664
1285,1100,2023-07-18,Sports,2,South,New,515.4,2023,7,3,1,0,257.7
1286,1155,2023-08-02,Electronics,5,East,Premium,1350.6,2023,8,3,2,0,270.12
1287,1068,2023-08-06,Home & Garden,1,West,Regular,325.8,2023,8,3,6,1,325.8
1288,1165,2023-08-10,Fashion,3,North,New,385.5,2023,8,3,3,0,128.5
1289,1090,2023-08-14,Books,4,South,Premium,195.4,2023,8,3,0,0,48.85
1290,1120,2023-08-18,Sports,2,East,Regular,495.8,2023,8,3,4,0,247.9
1291,1078,2023-09-02,Electronics,2,West,New,715.3,2023,9,3,5,1,357.65
1292,1160,2023-09-06,Home & Garden,4,North,Premium,745.8,2023,9,3,2,0,186.45
1293,1075,2023-09-10,Fashion,3,South,Regular,425.7,2023,9,3,6,1,141.9
1294,1140,2023-09-14,Books,1,East,New,58.4,2023,9,3,3,0,58.4
1295,1095,2023-09-18,Sports,2,West,Premium,545.8,2023,9,3,0,0,272.9
1296,1110,2023-10-02,Electronics,3,North,Regular,925.3,2023,10,4,0,0,308.43333333333334
1297,1125,2023-10-06,Home & Garden,5,South,New,895.7,2023,10,4,4,0,179.14000000000001
1298,1145,2023-10-10,Fashion,2,East,Premium,285.4,2023,10,4,1,0,142.7
1299,1085,2023-10-14,Books,4,West,Regular,185.6,2023,10,4,5,1,46.4
1300,1100,2023-10-18,Sports,1,North,New,315.8,2023,10,4,2,0,315.8
1301,1072,2023-11-02,Electronics,2,South,Premium,825.4,2023,11,4,3,0,412.7
1302,1155,2023-11-06,Home & Garden,3,East,Regular,685.8,2023,11,4,0,0,228.6
1303,1165,2023-11-10,Fashion,4,West,New,495.5,2023,11,4,4,0,123.875
1304,1090,2023-11-14,Books,2,North,Premium,138.6,2023,11,4,1,0,69.3
1305,1120,2023-11-18,Sports,3,South,Regular,625.7,2023,11,4,5,1,208.5666666666667
1306,1078,2023-12-02,Electronics,1,East,New,425.3,2023,12,4,5,1,425.3
1307,1160,2023-12-06,Home & Garden,5,West,Premium,925.8,2023,12,4,2,0,185.16
1308,1075,2023-12-10,Fashion,2,North,Regular,315.5,2023,12,4,6,1,157.75
1309,1140,2023-12-14,Books,4,South,New,182.4,2023,12,4,3,0,45.6
1310,1095,2023-12-18,Sports,2,East,Premium,545.8,2023,12,4,0,0,272.9
1311,1110,2024-01-05,Electronics,3,West,Regular,895.7,2024,1,1,4,0,298.56666666666666
1312,1125,2024-01-08,Home & Garden,2,North,New,525.3,2024,1,1,0,0,262.65
1313,1145,2024-01-12,Fashion,4,South,Premium,425.8,2024,1,1,4,0,106.45
1314,1085,2024-01-15,Books,1,East,Regular,72.4,2024,1,1,0,0,72.4
1315,1100,2024-01-18,Sports,2,West,New,485.6,2024,1,1,3,0,242.8
1316,1155,2024-02-02,Electronics,5,North,Premium,1250.3,2024,2,1,4,0,250.06
1317,1068,2024-02-05,Home & Garden,3,South,Regular,745.7,2024,2,1,0,0,248.5666666666667
1318,1165,2024-02-10,Fashion,2,East,New,295.4,2024,2,1,5,1,147.7
1319,1090,2024-02-14,Books,4,West,Premium,195.6,2024,2,1,2,0,48.9
1320,1120,2024-02-18,Sports,1,North,Regular,325.8,2024,2,1,6,1,325.8
1321,1078,2024-03-05,Electronics,2,South,New,745.3,2024,3,1,1,0,372.65
1322,1160,2024-03-08,Home & Garden,5,East,Premium,945.8,2024,3,1,4,0,189.16
1323,1075,2024-03-12,Fashion,3,West,Regular,385.7,2024,3,1,1,0,128.56666666666666
1324,1140,2024-03-16,Books,2,North,New,128.5,2024,3,1,5,1,64.25
1325,1095,2024-03-20,Sports,2,South,Premium,535.4,2024,3,1,2,0,267.7
